target,comparison,MAE_delta,MAE_pct_change,AUC_delta,calibration_slope_delta
iauc_2h,M3_msi_enhanced minus M2_macro_precgm_context,-155.01460109572804,-7.155728995282849,0.0741361453723754,0.029042237431488
iauc_2h,M3_msi_enhanced minus M0_carb_only,-283.5479400640181,-12.355924044523771,0.158647961585538,0.0432124600175621
peak_delta_2h,M3_msi_enhanced minus M2_macro_precgm_context,-2.6908192054798548,-9.02060001561692,0.0842062671402239,0.0392931986309711
peak_delta_2h,M3_msi_enhanced minus M0_carb_only,-4.881139457869391,-15.244016874062888,0.1977760004921713,0.0530212995810852
