food,n_challenges,n_subjects,median_iauc_2h,mean_iauc_2h,sd_iauc_2h,median_peak_delta_2h,high_response_rate,cv_iauc_2h
Glucose,2,1,5517.109103329038,5517.109103329038,136.9348058685299,92.6665804248789,1.0,0.024820028624393725
Rice,209,38,3123.356837919432,3500.8954356116283,2405.71908791904,59.999511853480584,0.35406698564593303,0.6871725054817999
Pasta,52,27,2511.14179633284,2705.561678946309,2183.849371684292,46.74016977460628,0.25,0.8071704255268726
Potatoes,73,36,2441.4598962409727,2797.5726911017573,2293.0452535269246,51.346561161221715,0.2465753424657534,0.819655289322925
Bread,105,38,2372.3050198817778,2628.5050602447513,2325.875700490903,47.07887123380691,0.2571428571428571,0.8848663583224492
Grapes,69,38,1931.1652244864918,2078.46166601726,1758.2264852350056,53.49122950546381,0.13043478260869565,0.8459268284721903
Quinoa,5,4,1827.5294754884578,3403.42944413031,3773.284874758508,49.30801244101963,0.2,1.1086713965133215
Beans,34,21,1239.228849694392,1227.6850140256147,1385.4263199695265,29.006573066363735,0.029411764705882353,1.1284867894792276
Berries,39,22,1235.8515286204452,1456.1089227334353,1352.664896433606,33.60019434892905,0.05128205128205128,0.928958593217297
