term,estimate,se,z,p_value,ci_low,ci_high,n,n_clusters,n_parameters,dataset,outcome,estimate_CI
stanford_msi_proxy,0.5524226644562626,0.47843000465505936,1.1546572311127328,0.2482308201509732,-0.3853001446676537,1.4901454735801791,581,37,11,Stanford_CGMDB,iauc_2h,"0.552 (-0.385, 1.490)"
stanford_msi_proxy,2.850076510904068,5.84403972895487,0.4876894482395599,0.6257698268704965,-8.604241357847478,14.304394379655612,581,37,11,Stanford_CGMDB,peak_delta_2h,"2.850 (-8.604, 14.304)"
