target,target_label,model,n,n_subjects,MAE,RMSE,R2,mean_signed_error,calibration_intercept,calibration_slope,AUC_high_response,AUPRC_high_response,sensitivity_high_flag,specificity_high_flag,net_benefit_pt25
iauc_2h,2h iAUC,M0_carb_only,1498,40,2294.8339520562886,3089.1625852156176,0.040207030262974786,4.730890040687627,337.5022932946049,0.8873511188337622,0.6033188965257509,0.3100596098224392,0.02368421052631579,0.9758497316636852,0.0
iauc_2h,2h iAUC,M1_macro_timing,1498,40,2200.780643735978,2948.301706860644,0.1257414669345518,7.242148573551421,210.77775053049558,0.9282962185294519,0.6727991714527822,0.4035592328090606,0.26842105263157895,0.90608228980322,0.04472630173564753
iauc_2h,2h iAUC,M2_macro_precgm_context,1498,40,2166.3006130879985,2907.769281513579,0.14961435470088147,9.386351373758535,290.25541938509394,0.9015213414198363,0.6878307127389135,0.41769144006713244,0.30526315789473685,0.8980322003577818,0.0520694259012016
iauc_2h,2h iAUC,M3_msi_enhanced,1498,40,2011.2860119922705,2722.276095558545,0.2546498016676174,-4.89561103910138,215.17865457006394,0.9305635788513243,0.761966858111289,0.5201047664643306,0.4263157894736842,0.8855098389982111,0.0796617712505563
peak_delta_2h,2h peak delta,M0_carb_only,1498,40,32.02003447119285,42.41261713236396,0.045659551183315994,0.0695386554344375,4.564560938172416,0.909538327564131,0.5889410506439637,0.2977215947413433,0.026525198938992044,0.9776984834968778,0.0011125945705384964
peak_delta_2h,2h peak delta,M1_macro_timing,1498,40,30.096375813654607,39.76850566820016,0.16094248412229362,0.11146140093296708,2.1693817192823395,0.9555123570301602,0.6959350901643805,0.42718269645070533,0.3050397877984085,0.8991971454058876,0.05162438807298621
peak_delta_2h,2h peak delta,M2_macro_precgm_context,1498,40,29.829714218803314,39.0972231967973,0.18902957863151026,0.15023593025316476,3.786803466886256,0.9232664285142451,0.7025107839959112,0.4264589068183669,0.3395225464190981,0.8884924174843889,0.05763239875389408
peak_delta_2h,2h peak delta,M3_msi_enhanced,1498,40,27.13889501332346,35.84907400377245,0.31818104370811207,0.09398178430402296,1.8248994263574205,0.9625596271452163,0.7867170511361351,0.5710779061792832,0.4827586206896552,0.8902765388046388,0.09412550066755675
