target,target_label,model,n,coverage_q90,coverage_q95,median_q90_width,median_q95_width
iauc_2h,2h iAUC,M0_carb_only,1498,0.8978638184245661,0.9485981308411215,8389.23104695739,11914.506347226228
iauc_2h,2h iAUC,M1_macro_timing,1498,0.8958611481975968,0.945260347129506,8593.573538671264,11383.224942653591
iauc_2h,2h iAUC,M2_macro_precgm_context,1498,0.890520694259012,0.945260347129506,8379.623822171368,11033.282625478438
iauc_2h,2h iAUC,M3_msi_enhanced,1498,0.8911882510013351,0.9365821094793058,8025.0932740608205,9922.89820625574
peak_delta_2h,2h peak delta,M0_carb_only,1498,0.8965287049399199,0.9472630173564753,130.8076833772823,165.07467297138433
peak_delta_2h,2h peak delta,M1_macro_timing,1498,0.8951935914552737,0.9439252336448598,125.89833386651594,154.83462774741585
peak_delta_2h,2h peak delta,M2_macro_precgm_context,1498,0.8898531375166889,0.9459279038718291,120.09336175160222,149.1442139263306
peak_delta_2h,2h peak delta,M3_msi_enhanced,1498,0.8858477970627503,0.9392523364485982,108.30286770281188,137.10713160947876
