target,comparison,MAE_delta,MAE_pct_change,AUC_delta,calibration_slope_delta
iauc_2h,M3_msi_enhanced minus M2_macro_precgm_context,-155.01460109572804,-7.155728995282849,0.07413614537237545,0.02904223743148804
iauc_2h,M3_msi_enhanced minus M0_carb_only,-283.5479400640181,-12.355924044523773,0.15864796158553807,0.04321246001756218
peak_delta_2h,M3_msi_enhanced minus M2_macro_precgm_context,-2.6908192054798548,-9.020600015616921,0.08420626714022394,0.03929319863097114
peak_delta_2h,M3_msi_enhanced minus M0_carb_only,-4.881139457869391,-15.244016874062888,0.19777600049217137,0.05302129958108526
