mix_name,mean_weight
ln_URXMHH,0.5392184348455056
ln_URXECP,0.24438669861438586
ln_URXMOH,0.21639486638885017
ln_URXMHP,1.512585073551888e-10
