mix_name,mean_weight
ln_URXECP,0.8698645693287327
ln_URXMOH,0.07225179643907638
ln_URXMHH,0.057883634107900254
ln_URXMHP,1.2429072731895542e-10
