mix_name,mean_weight
ln_URXMHH,0.6324553164373174
ln_URXECP,0.26205814352937973
ln_URXMOH,0.10548653999834305
ln_URXMHP,3.4959772516044624e-11
