mix_name,mean_weight
ln_URXECP,0.48697269366347556
ln_URXMOH,0.4557705092224955
ln_URXMHH,0.05725679691818087
ln_URXMHP,1.9584816231213367e-10
