outcome,model,n,rmse,mae,pearson_r,r2
stanford_mean_iauc_2h,clinical_msi_only,38,1498.3993180966854,954.823156611629,0.05948647056933313,-0.019949317206755524
stanford_mean_iauc_2h,clinical_meta,38,1434.806485037669,934.6028682499244,0.3023634555649031,0.06478789401539709
stanford_mean_iauc_2h,clinical_meta_plus_omics_pcs,38,1543.4565466421777,1054.2420645629254,0.25233828968799926,-0.0822118186228269
stanford_mean_peak_delta_2h,clinical_msi_only,38,21.353446357978843,15.30242725641257,-0.1580451046809086,-0.06620550801116432
stanford_mean_peak_delta_2h,clinical_meta,38,20.502175899416695,14.8600535050238,0.227248203796361,0.017110092775279417
stanford_mean_peak_delta_2h,clinical_meta_plus_omics_pcs,38,22.332419875304577,16.602616616001246,0.19416609685983638,-0.16620939032136772
